{
  "metadata_version": "1.0",
  "widget_name": "ShowDiffraction",
  "widget_version": "0.0.14",
  "state": {
    "title": "Au Nanoparticle on a-C",
    "pos_row": 14,
    "pos_col": 18,
    "pixel_size": 0.5,
    "k_pixel_size": 0.025,
    "k_calibrated": true,
    "center_row": 63.980865478515625,
    "center_col": 63.99155807495117,
    "bf_radius": 23.783117294311523,
    "spots": [
      {
        "id": 1,
        "row": 42.0,
        "col": 64.0,
        "d_spacing": 1.819764425977103,
        "g_magnitude": 0.5495216774902393,
        "r_pixels": 21.980867099609572,
        "intensity": 0.0
      },
      {
        "id": 2,
        "row": 64.0,
        "col": 83.0,
        "d_spacing": 2.1043271137921,
        "g_magnitude": 0.47521128889412606,
        "r_pixels": 19.008451555765042,
        "intensity": 0.27000001072883606
      },
      {
        "id": 3,
        "row": 64.0,
        "col": 45.0,
        "d_spacing": 2.106197898029784,
        "g_magnitude": 0.47478919285573173,
        "r_pixels": 18.99156771422927,
        "intensity": 0.2966666519641876
      }
    ],
    "snap_enabled": false,
    "snap_radius": 5,
    "dp_colormap": "inferno",
    "dp_scale_mode": "log",
    "dp_vmin_pct": 0.0,
    "dp_vmax_pct": 100.0,
    "vi_colormap": "inferno",
    "vi_vmin_pct": 0.0,
    "vi_vmax_pct": 100.0,
    "show_stats": true,
    "show_controls": true,
    "disabled_tools": [],
    "hidden_tools": []
  }
}